primetype,group,item,expcontrol,target,prime,expected
morph,A,1,experimental,redness,reddish,f
morph,B,1,control,redness,kingdom,f
morph,B,2,experimental,unset,reset,f
morph,A,2,control,unset,fence,f
morph,A,3,experimental,coolness,coolly,f
morph,B,3,control,coolness,butter,f
morph,B,4,experimental,darkly,darkness,f
morph,A,4,control,darkly,district,f
morph,A,5,experimental,baker,bakery,f
morph,B,5,control,baker,circus,f
morph,B,6,experimental,falsify,falsely,f
morph,A,6,control,falsify,lecture,f
morph,A,7,experimental,firmness,firmly,f
morph,B,7,control,firmness,fight,f
morph,B,8,experimental,happily,happiness,f
morph,A,8,control,happily,important,f
morph,A,9,experimental,huntable,hunter,f
morph,B,9,control,huntable,clinic,f
morph,B,10,experimental,learnable,learner,f
morph,A,10,control,learnable,liberal,f
morph,A,11,experimental,loudness,loudly,f
morph,B,11,control,loudness,cognac,f
morph,B,12,experimental,paintable,painter,f
morph,A,12,control,paintable,married,f
morph,A,13,experimental,preheat,reheat,f
morph,B,13,control,preheat,device,f
morph,B,14,experimental,purely,purify,f
morph,A,14,control,purely,cowboy,f
morph,A,15,experimental,adapter,adaptable,f
morph,B,15,control,adapter,intuition,f
morph,B,16,experimental,bitterly,bitterness,f
morph,A,16,control,bitterly,centimeter,f
morph,A,17,experimental,refold,unfold,f
morph,B,17,control,refold,dollar,f
morph,B,18,experimental,relock,unlock,f
morph,A,18,control,relock,doctor,f
morph,A,19,experimental,remount,dismount,f
morph,B,19,control,remount,division,f
morph,B,20,experimental,repay,prepay,f
morph,A,20,control,repay,divine,f
morph,A,21,experimental,roughly,roughness,f
morph,B,21,control,roughly,limousine,f
morph,B,22,experimental,sadly,sadness,f
morph,A,22,control,sadly,massage,f
morph,A,23,experimental,slowish,slowly,f
morph,B,23,control,slowish,father,f
morph,B,24,experimental,snobbish,snobby,f
morph,A,24,control,snobbish,cotton,f
morph,A,25,experimental,swimmer,swimable,f
morph,B,25,control,swimmer,election,f
morph,B,26,experimental,toughly,toughness,f
morph,A,26,control,toughly,marketing,f
morph,A,27,experimental,unable,disable,f
morph,B,27,control,unable,missile,f
morph,B,28,experimental,cleaner,cleanly,f
morph,A,28,control,cleaner,monitor,f
both,A,29,experimental,brunch,lunch,f
both,B,29,control,brunch,fleet,f
both,B,30,experimental,bustle,hustle,f
both,A,30,control,bustle,comedy,f
both,A,31,experimental,converge,merge,f
both,B,31,control,converge,fruit,f
both,B,32,experimental,crinkle,wrinkle,f
both,A,32,control,crinkle,mystery,f
both,A,33,experimental,devil,evil,f
both,B,33,control,devil,chew,f
both,B,34,experimental,flood,float,f
both,A,34,control,flood,gifted,f
both,A,35,experimental,flutter,flurry,f
both,B,35,control,utter,onion,f
both,B,36,experimental,fondle,handle,f
both,A,36,control,fondle,coffee,f
both,A,37,experimental,freeze,frost,f
both,B,37,control,freeze,mayor,f
both,B,38,experimental,ghost,ghoul,f
both,A,38,control,ghost,owner,f
both,A,39,experimental,gleam,glint,f
both,B,39,control,gleam,orbit,f
both,B,40,experimental,groan,grumble,f
both,A,40,control,groan,october,f
both,A,41,experimental,loathe,loath,f
both,B,41,control,loathe,onion,f
both,B,42,experimental,mohair,hair,f
both,A,42,control,mohair,drug,f
both,A,43,experimental,hotel,motel,f
both,B,43,control,hotel,naked,f
both,B,44,experimental,nostril,nose,f
both,A,44,control,nostril,duck,f
both,A,45,experimental,placard,card,f
both,B,45,control,placard,fast,f
both,B,46,experimental,plunge,plummet,f
both,A,46,control,plunge,perfume,f
both,A,47,experimental,scald,scorch,f
both,B,47,control,scald,danger,f
both,B,48,experimental,scrape,scratch,f
both,A,48,control,scrape,prepare,f
both,A,49,experimental,screech,scream,f
both,B,49,control,screech,filthy,f
both,B,50,experimental,shelve,shelf,f
both,A,50,control,shelve,mayor,f
both,A,51,experimental,shrivel,shrink,f
both,B,51,control,shrivel,forest,f
both,B,52,experimental,crumple,rumple,f
both,A,52,control,crumple,wallet,f
both,A,53,experimental,slither,slink,f
both,B,53,control,slither,lover,f
both,B,54,experimental,spam,ham,f
both,A,54,control,spam,hat,f
both,A,55,experimental,shimmer,glimmer,f
both,B,55,control,shimmer,plastic,f
sem,B,56,experimental,pygmy,dwarf,f
sem,A,56,control,pygmy,local,f
sem,A,57,experimental,awkward,clumsy,f
sem,B,57,control,awkward,wealth,f
sem,B,58,experimental,bud,flower,f
sem,A,58,control,bud,weekly,f
sem,A,59,experimental,bump,knock,f
sem,B,59,control,bump,skull,f
sem,B,60,experimental,cancel,stop,f
sem,A,60,control,cancel,four,f
sem,A,61,experimental,drench,soak,f
sem,B,61,control,drench,fuel,f
sem,B,62,experimental,chair,stool,f
sem,A,62,control,chair,spend,f
sem,A,63,experimental,dominant,supreme,f
sem,B,63,control,dominant,passion,f
sem,B,64,experimental,chore,duty,f
sem,A,64,control,chore,gate,f
sem,A,65,experimental,compost,manure,f
sem,B,65,control,compost,winter,f
sem,B,66,experimental,corpse,mummy,f
sem,A,66,control,corpse,solar,f
sem,A,67,experimental,detergent,soap,f
sem,B,67,control,detergent,gift,f
sem,B,68,experimental,evidence,proof,f
sem,A,68,control,evidence,sleep,f
sem,A,69,experimental,pursue,follow,f
sem,B,69,control,pursue,wizard,f
sem,B,70,experimental,gut,bowel,f
sem,A,70,control,gut,solar,f
sem,A,71,experimental,hare,bunny,f
sem,B,71,control,hare,coast,f
sem,B,72,experimental,infant,child,f
sem,A,72,control,infant,crime,f
sem,A,73,experimental,jovial,merry,f
sem,B,73,control,jovial,cruel,f
sem,B,74,experimental,pledge,oath,f
sem,A,74,control,pledge,deck,f
sem,A,75,experimental,banish,deport,f
sem,B,75,control,banish,worker,f
sem,B,76,experimental,gamble,risk,f
sem,A,76,control,gamble,dawn,f
sem,A,77,experimental,scandal,gossip,f
sem,B,77,control,scandal,worthy,f
sem,B,78,experimental,stomach,belly,f
sem,A,78,control,stomach,dress,f
sem,A,79,experimental,swallow,digest,f
sem,B,79,control,swallow,writer,f
sem,B,80,experimental,sweetie,lolly,f
sem,A,80,control,sweetie,drunk,f
sem,A,81,experimental,muzzle,gag,f
sem,B,81,control,muzzle,fog,f
sem,B,82,experimental,fellow,mate,f
sem,A,82,control,fellow,maid,f
sem,A,83,experimental,corridor,passage,f
sem,B,83,control,corridor,nuclear,f
sem,B,84,experimental,wild,feral,f
sem,A,84,control,wild,equip,f
sem,A,85,experimental,shrewd,canny,f
sem,B,85,control,shrewd,alarm,f
sem,B,86,experimental,carnival,fete,f
sem,A,86,control,carnival,loan,f
orth,A,87,experimental,aspire,aspirin,f
orth,B,87,control,aspire,reactor,f
orth,B,88,experimental,batter,patter,f
orth,A,88,control,batter,yellow,f
orth,A,89,experimental,butter,button,f
orth,B,89,control,butter,oxygen,f
orth,B,90,experimental,cabin,cabbage,f
orth,A,90,control,cabin,quickly,f
orth,A,91,experimental,dandruff,dandy,f
orth,B,91,control,dandruff,alien,f
orth,B,92,experimental,direct,correct,f
orth,A,92,control,direct,privacy,f
orth,A,93,experimental,dominate,domino,f
orth,B,93,control,dominate,prison,f
orth,B,94,experimental,elegant,elephant,f
orth,A,94,control,elegant,epidemic,f
orth,A,95,experimental,ferret,claret,f
orth,B,95,control,ferret,player,f
orth,B,96,experimental,galley,gallon,f
orth,A,96,control,galley,rabbit,f
orth,A,97,experimental,typhoid,typhoon,f
orth,B,97,control,typhoid,fighter,f
orth,B,98,experimental,lavatory,lavender,f
orth,A,98,control,lavatory,electric,f
orth,A,99,experimental,lizard,wizard,f
orth,B,99,control,lizard,rotate,f
orth,B,100,experimental,medley,medal,f
orth,A,100,control,medley,alley,f
orth,A,101,experimental,memory,member,f
orth,B,101,control,memory,safety,f
orth,B,102,experimental,terrace,grace,f
orth,A,102,control,terrace,alpha,f
orth,A,103,experimental,merger,mercy,f
orth,B,103,control,merger,bacon,f
orth,B,104,experimental,tumor,tumble,f
orth,A,104,control,tumor,sailor,f
orth,A,105,experimental,nimble,thimble,f
orth,B,105,control,nimble,express,f
orth,B,106,experimental,fibre,calibre,f
orth,A,106,control,fibre,feeling,f
orth,A,107,experimental,paradise,paradox,f
orth,B,107,control,paradise,fishing,f
orth,B,108,experimental,remedy,remnant,f
orth,A,108,control,remedy,disease,f
orth,A,109,experimental,sarcasm,sardine,f
orth,B,109,control,sarcasm,dispute,f
orth,B,110,experimental,scampi,scamper,f
orth,A,110,control,scampi,evening,f
orth,A,111,experimental,sentence,sentry,f
orth,B,111,control,sentence,salary,f
orth,B,112,experimental,shudder,rudder,f
orth,A,112,control,shudder,silver,f
orth,A,113,experimental,sister,fester,f
orth,B,113,control,sister,street,f
orth,B,114,experimental,sound,source,f
orth,A,114,control,sound,stroll,f
orth,A,115,experimental,tender,tendon,f
orth,B,115,control,tender,talent,f
orth,B,116,experimental,drizzle,puzzle,f
orth,A,116,control,drizzle,thirst,f
orth,A,117,experimental,tinkle,tiny,f
orth,B,117,control,tinkle,meal,f
orth,B,118,experimental,virtue,virtual,f
orth,A,118,control,virtue,excited,f
idmain,A,119,experimental,honey,honey,f
idmain,B,119,control,honey,beard,f
idmain,B,120,experimental,prize,prize,f
idmain,A,120,control,prize,black,f
idmain,A,121,experimental,catch,catch,f
idmain,B,121,control,catch,brave,f
idmain,B,122,experimental,sword,sword,f
idmain,A,122,control,sword,bride,f
idmain,A,123,experimental,yeast,yeast,f
idmain,B,123,control,yeast,buyer,f
idmain,B,124,experimental,decay,decay,f
idmain,A,124,control,decay,cargo,f
idmain,A,125,experimental,drank,drank,f
idmain,B,125,control,drank,chair,f
idmain,B,126,experimental,glare,glare,f
idmain,A,126,control,glare,cheap,f
idmain,A,127,experimental,goose,goose,f
idmain,B,127,control,goose,child,f
idmain,B,128,experimental,tango,tango,f
idmain,A,128,control,tango,close,f
idmain,A,129,experimental,prison,prison,f
idmain,B,129,control,prison,tissue,f
idmain,B,130,experimental,slight,slight,f
idmain,A,130,control,slight,tomato,f
idmain,A,131,experimental,heaven,heaven,f
idmain,B,131,control,heaven,tunnel,f
idmain,B,132,experimental,prayer,prayer,f
idmain,A,132,control,prayer,turtle,f
idmain,A,133,experimental,basket,basket,f
idmain,B,133,control,basket,verify,f
idmain,B,134,experimental,ripple,ripple,f
idmain,A,134,control,ripple,vision,f
idmain,A,135,experimental,beaker,beaker,f
idmain,B,135,control,beaker,wallet,f
idmain,B,136,experimental,bellow,bellow,f
idmain,A,136,control,bellow,winner,f
idmain,A,137,experimental,opinion,opinion,f
idmain,B,137,control,opinion,explode,f
idmain,B,138,experimental,minimum,minimum,f
idmain,A,138,control,minimum,airport,f
idmain,A,139,experimental,uniform,uniform,f
idmain,B,139,control,uniform,amazing,f
idmain,B,140,experimental,peasant,peasant,f
idmain,A,140,control,peasant,believe,f
idmain,A,141,experimental,conduct,conduct,f
idmain,B,141,control,conduct,bedroom,f
idmain,B,142,experimental,concert,concert,f
idmain,A,142,control,concert,biology,f
idmain,A,143,experimental,actress,actress,f
idmain,B,143,control,actress,closure,f
idmain,B,144,experimental,include,include,f
idmain,A,144,control,include,confess,f
idmain,A,145,experimental,portion,portion,f
idmain,B,145,control,portion,content,f
idmain,B,146,experimental,romance,romance,f
idmain,A,146,control,romance,correct,f
idmain,A,147,experimental,nucleus,nucleus,f
idmain,B,147,control,nucleus,cruelty,f
idmain,B,148,experimental,cushion,cushion,f
idmain,A,148,control,cushion,cynical,f
idmain,A,149,experimental,massage,massage,f
idmain,B,149,control,massage,dignity,f
idmain,B,150,experimental,petition,petition,f
idmain,A,150,control,petition,dynamite,f
orthrelfill,A,200,filler,aliwell,alibi,j
orthrelfill,B,200,filler,aliwell,alibi,j
orthrelfill,A,201,filler,amouhi,amount,j
orthrelfill,B,201,filler,amouhi,amount,j
orthrelfill,A,202,filler,eamy,army,j
orthrelfill,B,202,filler,eamy,army,j
orthrelfill,A,203,filler,ferman,batman,j
orthrelfill,B,203,filler,ferman,batman,j
orthrelfill,A,204,filler,battalents,battalion,j
orthrelfill,B,204,filler,battalents,battalion,j
orthrelfill,A,205,filler,battlewoman,battlefield,j
orthrelfill,B,205,filler,battlewoman,battlefield,j
orthrelfill,A,206,filler,ild,bed,j
orthrelfill,B,206,filler,ild,bed,j
orthrelfill,A,207,filler,breaksane,breakfast,j
orthrelfill,B,207,filler,breaksane,breakfast,j
orthrelfill,A,208,filler,bracker,brother,j
orthrelfill,B,208,filler,bracker,brother,j
orthrelfill,A,209,filler,buve,butt,j
orthrelfill,B,209,filler,buve,butt,j
orthrelfill,A,210,filler,canina,cancer,j
orthrelfill,B,210,filler,canina,cancer,j
orthrelfill,A,211,filler,capih,catch,j
orthrelfill,B,211,filler,capih,catch,j
orthrelfill,A,212,filler,chamsione,champagne,j
orthrelfill,B,212,filler,chamsione,champagne,j
orthrelfill,A,213,filler,everytian,christian,j
orthrelfill,B,213,filler,everytian,christian,j
orthrelfill,A,214,filler,concenscope,concentrate,j
orthrelfill,B,214,filler,concenscope,concentrate,j
orthrelfill,A,215,filler,connecness,connection,j
orthrelfill,B,215,filler,connecness,connection,j
orthrelfill,A,216,filler,conteen,convent,j
orthrelfill,B,216,filler,conteen,convent,j
orthrelfill,A,217,filler,degung,defend,j
orthrelfill,B,217,filler,degung,defend,j
orthrelfill,A,218,filler,destags,destiny,j
orthrelfill,B,218,filler,destags,destiny,j
orthrelfill,A,219,filler,biw,die,j
orthrelfill,B,219,filler,biw,die,j
orthrelfill,A,220,filler,exor,door,j
orthrelfill,B,220,filler,exor,door,j
orthrelfill,A,221,filler,eade,easy,j
orthrelfill,B,221,filler,eade,easy,j
orthrelfill,A,222,filler,emsignor,emperor,j
orthrelfill,B,222,filler,emsignor,emperor,j
orthrelfill,A,223,filler,rhisode,episode,j
orthrelfill,B,223,filler,rhisode,episode,j
orthrelfill,A,224,filler,feti,fear,j
orthrelfill,B,224,filler,feti,fear,j
orthrelfill,A,225,filler,fifooting,financing,j
orthrelfill,B,225,filler,fifooting,financing,j
orthrelfill,A,226,filler,flree,flame,j
orthrelfill,B,226,filler,flree,flame,j
orthrelfill,A,227,filler,floce,flour,j
orthrelfill,B,227,filler,floce,flour,j
orthrelfill,A,228,filler,fonke,force,j
orthrelfill,B,228,filler,fonke,force,j
orthrelfill,A,229,filler,frenet,french,j
orthrelfill,B,229,filler,frenet,french,j
orthrelfill,A,230,filler,ceivership,friendship,j
orthrelfill,B,230,filler,ceivership,friendship,j
orthrelfill,A,231,filler,flurtive,fugitive,j
orthrelfill,B,231,filler,flurtive,fugitive,j
orthrelfill,A,232,filler,richtional,functional,j
orthrelfill,B,232,filler,richtional,functional,j
orthrelfill,A,233,filler,genber,gentle,j
orthrelfill,B,233,filler,genber,gentle,j
orthrelfill,A,234,filler,growt,great,j
orthrelfill,B,234,filler,growt,great,j
orthrelfill,A,235,filler,groip,group,j
orthrelfill,B,235,filler,groip,group,j
orthrelfill,A,236,filler,highdle,highway,j
orthrelfill,B,236,filler,highdle,highway,j
orthrelfill,A,237,filler,hunsoe,hungry,j
orthrelfill,B,237,filler,hunsoe,hungry,j
orthrelfill,A,238,filler,tetrodotoxindividual,individual,j
orthrelfill,B,238,filler,tetrodotoxindividual,individual,j
orthrelfill,A,239,filler,ecke,lake,j
orthrelfill,B,239,filler,ecke,lake,j
orthrelfill,A,240,filler,lut,let,j
orthrelfill,B,240,filler,lut,let,j
orthrelfill,A,241,filler,mainhand,maintain,j
orthrelfill,B,241,filler,mainhand,maintain,j
orthrelfill,A,242,filler,mayonlythe,mayonnaise,j
orthrelfill,B,242,filler,mayonlythe,mayonnaise,j
orthrelfill,A,243,filler,misties,mission,j
orthrelfill,B,243,filler,misties,mission,j
orthrelfill,A,244,filler,eenastery,monastery,j
orthrelfill,B,244,filler,eenastery,monastery,j
orthrelfill,A,245,filler,parey,money,j
orthrelfill,B,245,filler,parey,money,j
orthrelfill,A,246,filler,mohin,motel,j
orthrelfill,B,246,filler,mohin,motel,j
orthrelfill,A,247,filler,mosle,movie,j
orthrelfill,B,247,filler,mosle,movie,j
orthrelfill,A,248,filler,hied,need,j
orthrelfill,B,248,filler,hied,need,j
orthrelfill,A,249,filler,orpans,orange,j
orthrelfill,B,249,filler,orpans,orange,j
orthrelfill,A,250,filler,hangage,package,j
orthrelfill,B,250,filler,hangage,package,j
orthrelfill,A,251,filler,partra,parent,j
orthrelfill,B,251,filler,partra,parent,j
orthrelfill,A,252,filler,lasple,people,j
orthrelfill,B,252,filler,lasple,people,j
orthrelfill,A,253,filler,phrahi,phrase,j
orthrelfill,B,253,filler,phrahi,phrase,j
orthrelfill,A,254,filler,potoc,poem,j
orthrelfill,B,254,filler,potoc,poem,j
orthrelfill,A,255,filler,edier,poker,j
orthrelfill,B,255,filler,edier,poker,j
orthrelfill,A,256,filler,poworing,powerless,j
orthrelfill,B,256,filler,poworing,powerless,j
orthrelfill,A,257,filler,probtua,problem,j
orthrelfill,B,257,filler,probtua,problem,j
orthrelfill,A,258,filler,prototier,protocol,j
orthrelfill,B,258,filler,prototier,protocol,j
orthrelfill,A,259,filler,portity,quality,j
orthrelfill,B,259,filler,portity,quality,j
orthrelfill,A,260,filler,realisments,realistic,j
orthrelfill,B,260,filler,realisments,realistic,j
orthrelfill,A,261,filler,reswerable,remarkable,j
orthrelfill,B,261,filler,reswerable,remarkable,j
orthrelfill,A,262,filler,reputamente,reputation,j
orthrelfill,B,262,filler,reputamente,reputation,j
miscfill,A,300,filler,kidior,abduct,j
miscfill,B,300,filler,kidior,abduct,j
miscfill,A,301,filler,aht,about,j
miscfill,B,301,filler,aht,about,j
miscfill,A,302,filler,ridicunals,absurd,j
miscfill,B,302,filler,ridicunals,absurd,j
miscfill,A,303,filler,inciably,accident,j
miscfill,B,303,filler,inciably,accident,j
miscfill,A,304,filler,comtrains,accusation,j
miscfill,B,304,filler,comtrains,accusation,j
miscfill,A,305,filler,autash,actor,j
miscfill,B,305,filler,autash,actor,j
miscfill,A,306,filler,exent,additional,j
miscfill,B,306,filler,exent,additional,j
miscfill,A,307,filler,managetive,administrative,j
miscfill,B,307,filler,managetive,administrative,j
miscfill,A,308,filler,adlake,advise,j
miscfill,B,308,filler,adlake,advise,j
miscfill,A,309,filler,congrate,agreement,j
miscfill,B,309,filler,congrate,agreement,j
miscfill,A,310,filler,acurtsy,analysis,j
miscfill,B,310,filler,acurtsy,analysis,j
miscfill,A,311,filler,quadous,angry,j
miscfill,B,311,filler,quadous,angry,j
miscfill,A,312,filler,trast,animal,j
miscfill,B,312,filler,trast,animal,j
miscfill,A,313,filler,adsas,appreciate,j
miscfill,B,313,filler,adsas,appreciate,j
miscfill,A,314,filler,shakod,armor,j
miscfill,B,314,filler,shakod,armor,j
miscfill,A,315,filler,roned,around,j
miscfill,B,315,filler,roned,around,j
miscfill,A,316,filler,sidealry,artillery,j
miscfill,B,316,filler,sidealry,artillery,j
miscfill,A,317,filler,vicads,attacker,j
miscfill,B,317,filler,vicads,attacker,j
miscfill,A,318,filler,tro,attempt,j
miscfill,B,318,filler,tro,attempt,j
miscfill,A,319,filler,attenberg,attract,j
miscfill,B,319,filler,attenberg,attract,j
miscfill,A,320,filler,crawe,audience,j
miscfill,B,320,filler,crawe,audience,j
miscfill,A,321,filler,chring,autumn,j
miscfill,B,321,filler,chring,autumn,j
miscfill,A,322,filler,nax,bag,j
miscfill,B,322,filler,nax,bag,j
miscfill,A,323,filler,orrashtra,band,j
miscfill,B,323,filler,orrashtra,band,j
miscfill,A,324,filler,proser,bathroom,j
miscfill,B,324,filler,proser,bathroom,j
miscfill,A,325,filler,pacity,beautiful,j
miscfill,B,325,filler,pacity,beautiful,j
miscfill,A,326,filler,milhood,billion,j
miscfill,B,326,filler,milhood,billion,j
miscfill,A,327,filler,blute,book,j
miscfill,B,327,filler,blute,book,j
miscfill,A,328,filler,akass,bottle,j
miscfill,B,328,filler,akass,bottle,j
miscfill,A,329,filler,phash,break,j
miscfill,B,329,filler,phash,break,j
miscfill,A,330,filler,shuhe,bright,j
miscfill,B,330,filler,shuhe,bright,j
miscfill,A,331,filler,troun,bus,j
miscfill,B,331,filler,troun,bus,j
miscfill,A,332,filler,fiset,calm,j
miscfill,B,332,filler,fiset,calm,j
miscfill,A,333,filler,pictou,camping,j
miscfill,B,333,filler,pictou,camping,j
miscfill,A,334,filler,lanp,candle,j
miscfill,B,334,filler,lanp,candle,j
miscfill,A,335,filler,anarthy,capitalism,j
miscfill,B,335,filler,anarthy,capitalism,j
miscfill,A,336,filler,maiga,cartel,j
miscfill,B,336,filler,maiga,cartel,j
miscfill,A,337,filler,palang,castle,j
miscfill,B,337,filler,palang,castle,j
miscfill,A,338,filler,hagson,cause,j
miscfill,B,338,filler,hagson,cause,j
miscfill,A,339,filler,blasual,ceremony,j
miscfill,B,339,filler,blasual,ceremony,j
miscfill,A,340,filler,obstalags,challenge,j
miscfill,B,340,filler,obstalags,challenge,j
miscfill,A,341,filler,competivates,championship,j
miscfill,B,341,filler,competivates,championship,j
miscfill,A,342,filler,saclow,chase,j
miscfill,B,342,filler,saclow,chase,j
miscfill,A,343,filler,fip,cheek,j
miscfill,B,343,filler,fip,cheek,j
miscfill,A,344,filler,coku,chef,j
miscfill,B,344,filler,coku,chef,j
miscfill,A,345,filler,yorah,childhood,j
miscfill,B,345,filler,yorah,childhood,j
miscfill,A,346,filler,horar,chocolate,j
miscfill,B,346,filler,horar,chocolate,j
miscfill,A,347,filler,tochonco,cigarette,j
miscfill,B,347,filler,tochonco,cigarette,j
miscfill,A,348,filler,erecical,classic,j
miscfill,B,348,filler,erecical,classic,j
miscfill,A,349,filler,pamount,client,j
miscfill,B,349,filler,pamount,client,j
miscfill,A,350,filler,lonet,closed,j
miscfill,B,350,filler,lonet,closed,j
miscfill,A,351,filler,wot,cold,j
miscfill,B,351,filler,wot,cold,j
miscfill,A,352,filler,backeral,colonel,j
miscfill,B,352,filler,backeral,colonel,j
miscfill,A,353,filler,arlieu,come,j
miscfill,B,353,filler,arlieu,come,j
miscfill,A,354,filler,navigabytes,communication,j
miscfill,B,354,filler,navigabytes,communication,j
miscfill,A,355,filler,tomor,complete,j
miscfill,B,355,filler,tomor,complete,j
miscfill,A,356,filler,tobo,concert,j
miscfill,B,356,filler,tobo,concert,j
miscfill,A,357,filler,vaw,constitution,j
miscfill,B,357,filler,vaw,constitution,j
miscfill,A,358,filler,wazi,cool,j
miscfill,B,358,filler,wazi,cool,j
miscfill,A,359,filler,selfinal,copy,j
miscfill,B,359,filler,selfinal,copy,j
miscfill,A,360,filler,paraphin,crazy,j
miscfill,B,360,filler,paraphin,crazy,j
miscfill,A,361,filler,montezu,creature,j
miscfill,B,361,filler,montezu,creature,j
miscfill,A,362,filler,liary,creepy,j
miscfill,B,362,filler,liary,creepy,j
miscfill,A,363,filler,situagogue,crisis,j
miscfill,B,363,filler,situagogue,crisis,j
miscfill,A,364,filler,dalper,dance,j
miscfill,B,364,filler,dalper,dance,j
miscfill,A,365,filler,masky,dangerous,j
miscfill,B,365,filler,masky,dangerous,j
miscfill,A,366,filler,thisow,dark,j
miscfill,B,366,filler,thisow,dark,j
miscfill,A,367,filler,spive,dead,j
miscfill,B,367,filler,spive,dead,j
miscfill,A,368,filler,arind,deaf,j
miscfill,B,368,filler,arind,deaf,j
miscfill,A,369,filler,fluctury,decade,j
miscfill,B,369,filler,fluctury,decade,j
miscfill,A,370,filler,flattory,defeat,j
miscfill,B,370,filler,flattory,defeat,j
miscfill,A,371,filler,constat,definition,j
miscfill,B,371,filler,constat,definition,j
miscfill,A,372,filler,freety,democracy,j
miscfill,B,372,filler,freety,democracy,j
miscfill,A,373,filler,pronald,description,j
miscfill,B,373,filler,pronald,description,j
miscfill,A,374,filler,whent,detective,j
miscfill,B,374,filler,whent,detective,j
miscfill,A,375,filler,pily,ding,j
miscfill,B,375,filler,pily,ding,j
miscfill,A,376,filler,conversavored,discussion,j
miscfill,B,376,filler,conversavored,discussion,j
miscfill,A,377,filler,digoy,disgusting,j
miscfill,B,377,filler,digoy,disgusting,j
miscfill,A,378,filler,inke,do,j
miscfill,B,378,filler,inke,do,j
miscfill,A,379,filler,origity,donation,j
miscfill,B,379,filler,origity,donation,j
miscfill,A,380,filler,parkt,draw,j
miscfill,B,380,filler,parkt,draw,j
miscfill,A,381,filler,nightache,dream,j
miscfill,B,381,filler,nightache,dream,j
miscfill,A,382,filler,shinsenger,driver,j
miscfill,B,382,filler,shinsenger,driver,j
miscfill,A,383,filler,lih,dust,j
miscfill,B,383,filler,lih,dust,j
miscfill,A,384,filler,vesty,dusty,j
miscfill,B,384,filler,vesty,dusty,j
miscfill,A,385,filler,rehearsedsibility,duty,j
miscfill,B,385,filler,rehearsedsibility,duty,j
miscfill,A,386,filler,mye,ear,j
miscfill,B,386,filler,mye,ear,j
miscfill,A,387,filler,laug,early,j
miscfill,B,387,filler,laug,early,j
miscfill,A,388,filler,oist,east,j
miscfill,B,388,filler,oist,east,j
miscfill,A,389,filler,thed,eat,j
miscfill,B,389,filler,thed,eat,j
miscfill,A,390,filler,infludown,effect,j
miscfill,B,390,filler,infludown,effect,j
miscfill,A,391,filler,dogtor,element,j
miscfill,B,391,filler,dogtor,element,j
miscfill,A,392,filler,dynazio,empire,j
miscfill,B,392,filler,dynazio,empire,j
miscfill,A,393,filler,draer,energy,j
miscfill,B,393,filler,draer,energy,j
miscfill,A,394,filler,millionfrom,entrepreneur,j
miscfill,B,394,filler,millionfrom,entrepreneur,j
miscfill,A,395,filler,observacants,evaluation,j
miscfill,B,395,filler,observacants,evaluation,j
miscfill,A,396,filler,catchnomenon,event,j
miscfill,B,396,filler,catchnomenon,event,j
miscfill,A,397,filler,fisively,eventually,j
miscfill,B,397,filler,fisively,eventually,j
miscfill,A,398,filler,siter,ever,j
miscfill,B,398,filler,siter,ever,j
miscfill,A,399,filler,underestinovich,exaggerate,j
miscfill,B,399,filler,underestinovich,exaggerate,j
miscfill,A,400,filler,forchae,excuse,j
miscfill,B,400,filler,forchae,excuse,j
miscfill,A,401,filler,lapsing,execution,j
miscfill,B,401,filler,lapsing,execution,j
miscfill,A,402,filler,hoar,faith,j
miscfill,B,402,filler,hoar,faith,j
miscfill,A,403,filler,clim,family,j
miscfill,B,403,filler,clim,family,j
miscfill,A,404,filler,meanular,famous,j
miscfill,B,404,filler,meanular,famous,j
miscfill,A,405,filler,wonwakeful,fantastic,j
miscfill,B,405,filler,wonwakeful,fantastic,j
miscfill,A,406,filler,bhar,far,j
miscfill,B,406,filler,bhar,far,j
miscfill,A,407,filler,tardly,fatal,j
miscfill,B,407,filler,tardly,fatal,j
miscfill,A,408,filler,cokeny,federation,j
miscfill,B,408,filler,cokeny,federation,j
miscfill,A,409,filler,owle,female,j
miscfill,B,409,filler,owle,female,j
miscfill,A,410,filler,bonket,financial,j
miscfill,B,410,filler,bonket,financial,j
miscfill,A,411,filler,searet,find,j
miscfill,B,411,filler,searet,find,j
miscfill,A,412,filler,shunk,fish,j
miscfill,B,412,filler,shunk,fish,j
miscfill,A,413,filler,onating,flight,j
miscfill,B,413,filler,onating,flight,j
miscfill,A,414,filler,stant,flower,j
miscfill,B,414,filler,stant,flower,j
miscfill,A,415,filler,liqhok,fluid,j
miscfill,B,415,filler,liqhok,fluid,j
miscfill,A,416,filler,lahi,fly,j
miscfill,B,416,filler,lahi,fly,j
miscfill,A,417,filler,spano,fork,j
miscfill,B,417,filler,spano,fork,j
miscfill,A,418,filler,contractacy,fraud,j
miscfill,B,418,filler,contractacy,fraud,j
miscfill,A,419,filler,frtily,free,j
miscfill,B,419,filler,frtily,free,j
miscfill,A,420,filler,pluty,full,j
miscfill,B,420,filler,pluty,full,j
miscfill,A,421,filler,songet,funding,j
miscfill,B,421,filler,songet,funding,j
miscfill,A,422,filler,plpa,game,j
miscfill,B,422,filler,plpa,game,j
miscfill,A,423,filler,compasrecreate,generous,j
miscfill,B,423,filler,compasrecreate,generous,j
miscfill,A,424,filler,bov,girls,j
miscfill,B,424,filler,bov,girls,j
miscfill,A,425,filler,nagawaal,global,j
miscfill,B,425,filler,nagawaal,global,j
miscfill,A,426,filler,administraversed,government,j
miscfill,B,426,filler,administraversed,government,j
miscfill,A,427,filler,stillma,graduate,j
miscfill,B,427,filler,stillma,graduate,j
miscfill,A,428,filler,roers,greek,j
miscfill,B,428,filler,roers,greek,j
miscfill,A,429,filler,confoundulate,greet,j
miscfill,B,429,filler,confoundulate,greet,j
miscfill,A,430,filler,ririo,gun,j
miscfill,B,430,filler,ririo,gun,j
miscfill,A,431,filler,ocore,happen,j
miscfill,B,431,filler,ocore,happen,j
miscfill,A,432,filler,ewy,harbor,j
miscfill,B,432,filler,ewy,harbor,j
miscfill,A,433,filler,totch,hard,j
miscfill,B,433,filler,totch,hard,j
miscfill,A,434,filler,balwhat,harmony,j
miscfill,B,434,filler,balwhat,harmony,j
miscfill,A,435,filler,sko,heavenly,j
miscfill,B,435,filler,sko,heavenly,j
miscfill,A,436,filler,hensy,heavily,j
miscfill,B,436,filler,hensy,heavily,j
miscfill,A,437,filler,weigzo,height,j
miscfill,B,437,filler,weigzo,height,j
miscfill,A,438,filler,piger,hide,j
miscfill,B,438,filler,piger,hide,j
miscfill,A,439,filler,deence,honest,j
miscfill,B,439,filler,deence,honest,j
miscfill,A,440,filler,privitick,honor,j
miscfill,B,440,filler,privitick,honor,j
miscfill,A,441,filler,donoma,horse,j
miscfill,B,441,filler,donoma,horse,j
miscfill,A,442,filler,puif,hose,j
miscfill,B,442,filler,puif,hose,j
miscfill,A,443,filler,ien,human,j
miscfill,B,443,filler,ien,human,j
miscfill,A,444,filler,chitsand,hundred,j
miscfill,B,444,filler,chitsand,hundred,j
miscfill,A,445,filler,carpie,hydrogen,j
miscfill,B,445,filler,carpie,hydrogen,j
miscfill,A,446,filler,benefty,imprisonment,j
miscfill,B,446,filler,benefty,imprisonment,j
miscfill,A,447,filler,travit,income,j
miscfill,B,447,filler,travit,income,j
miscfill,A,448,filler,viads,infection,j
miscfill,B,448,filler,viads,infection,j
miscfill,A,449,filler,retary,inform,j
miscfill,B,449,filler,retary,inform,j
miscfill,A,450,filler,sorece,informant,j
miscfill,B,450,filler,sorece,informant,j
miscfill,A,451,filler,tenta,information,j
miscfill,B,451,filler,tenta,information,j
miscfill,A,452,filler,dooz,injection,j
miscfill,B,452,filler,dooz,injection,j
miscfill,A,453,filler,derside,inside,j
miscfill,B,453,filler,derside,inside,j
miscfill,A,454,filler,accidenshily,intentionally,j
miscfill,B,454,filler,accidenshily,intentionally,j
miscfill,A,455,filler,exlonging,interesting,j
miscfill,B,455,filler,exlonging,interesting,j
miscfill,A,456,filler,examphib,investigate,j
miscfill,B,456,filler,examphib,investigate,j
miscfill,A,457,filler,baraer,investor,j
miscfill,B,457,filler,baraer,investor,j
miscfill,A,458,filler,shbot,jacket,j
miscfill,B,458,filler,shbot,jacket,j
miscfill,A,459,filler,reproved,journalist,j
miscfill,B,459,filler,reproved,journalist,j
miscfill,A,460,filler,pleabers,joy,j
miscfill,B,460,filler,pleabers,joy,j
miscfill,A,461,filler,comit,judge,j
miscfill,B,461,filler,comit,judge,j
miscfill,A,462,filler,cloab,jump,j
miscfill,B,462,filler,cloab,jump,j
miscfill,A,463,filler,experiotous,knowledge,j
miscfill,B,463,filler,experiotous,knowledge,j
miscfill,A,464,filler,loja,lady,j
miscfill,B,464,filler,loja,lady,j
miscfill,A,465,filler,tarst,last,j
miscfill,B,465,filler,tarst,last,j
miscfill,A,466,filler,snile,laugh,j
miscfill,B,466,filler,snile,laugh,j
miscfill,A,467,filler,roght,left,j
miscfill,B,467,filler,roght,left,j
miscfill,A,468,filler,illebook,legal,j
miscfill,B,468,filler,illebook,legal,j
miscfill,A,469,filler,nith,legend,j
miscfill,B,469,filler,nith,legend,j
miscfill,A,470,filler,sium,length,j
miscfill,B,470,filler,sium,length,j
miscfill,A,471,filler,kolegram,letter,j
miscfill,B,471,filler,kolegram,letter,j
miscfill,A,472,filler,loe,liar,j
miscfill,B,472,filler,loe,liar,j
miscfill,A,473,filler,chaton,lion,j
miscfill,B,473,filler,chaton,lion,j
miscfill,A,474,filler,urt,literature,j
miscfill,B,474,filler,urt,literature,j
miscfill,A,475,filler,ishna,lobster,j
miscfill,B,475,filler,ishna,lobster,j
miscfill,A,476,filler,erone,lonely,j
miscfill,B,476,filler,erone,lonely,j
miscfill,A,477,filler,shait,long,j
miscfill,B,477,filler,shait,long,j
miscfill,A,478,filler,hant,love,j
miscfill,B,478,filler,hant,love,j
miscfill,A,479,filler,nial,lovely,j
miscfill,B,479,filler,nial,lovely,j
miscfill,A,480,filler,adack,lunch,j
miscfill,B,480,filler,adack,lunch,j
miscfill,A,481,filler,combits,map,j
miscfill,B,481,filler,combits,map,j
miscfill,A,482,filler,dicoise,marriage,j
miscfill,B,482,filler,dicoise,marriage,j
miscfill,A,483,filler,pholics,mathematics,j
miscfill,B,483,filler,pholics,mathematics,j
miscfill,A,484,filler,skinnical,mechanical,j
miscfill,B,484,filler,skinnical,mechanical,j
miscfill,A,485,filler,forbuisness,mercy,j
miscfill,B,485,filler,forbuisness,mercy,j
miscfill,A,486,filler,lavaing,message,j
miscfill,B,486,filler,lavaing,message,j
miscfill,A,487,filler,uron,metal,j
miscfill,B,487,filler,uron,metal,j
miscfill,A,488,filler,quanmeter,meter,j
miscfill,B,488,filler,quanmeter,meter,j
miscfill,A,489,filler,reporttion,mirror,j
miscfill,B,489,filler,reporttion,mirror,j
miscfill,A,490,filler,combinaments,mixture,j
miscfill,B,490,filler,combinaments,mixture,j
miscfill,A,491,filler,astoran,morphine,j
miscfill,B,491,filler,astoran,morphine,j
miscfill,A,492,filler,soudy,mum,j
miscfill,B,492,filler,soudy,mum,j
miscfill,A,493,filler,emller,murderer,j
miscfill,B,493,filler,emller,murderer,j
miscfill,A,494,filler,jank,music,j
miscfill,B,494,filler,jank,music,j
miscfill,A,495,filler,throul,neck,j
miscfill,B,495,filler,throul,neck,j
miscfill,A,496,filler,chanrie,news,j
miscfill,B,496,filler,chanrie,news,j
miscfill,A,497,filler,soa,ocean,j
miscfill,B,497,filler,soa,ocean,j
miscfill,A,498,filler,kosk,office,j
miscfill,B,498,filler,kosk,office,j
miscfill,A,499,filler,somelings,often,j
miscfill,B,499,filler,somelings,often,j
miscfill,A,500,filler,chal,oil,j
miscfill,B,500,filler,chal,oil,j
miscfill,A,501,filler,regali,outcome,j
miscfill,B,501,filler,regali,outcome,j
miscfill,A,502,filler,supernaturallosaurus,paranormal,j
miscfill,B,502,filler,supernaturallosaurus,paranormal,j
miscfill,A,503,filler,fusive,past,j
miscfill,B,503,filler,fusive,past,j
miscfill,A,504,filler,barena,penis,j
miscfill,B,504,filler,barena,penis,j
miscfill,A,505,filler,facement,piece,j
miscfill,B,505,filler,facement,piece,j
miscfill,A,506,filler,ciw,pig,j
miscfill,B,506,filler,ciw,pig,j
miscfill,A,507,filler,reverration,planning,j
miscfill,B,507,filler,reverration,planning,j
miscfill,A,508,filler,borc,plate,j
miscfill,B,508,filler,borc,plate,j
miscfill,A,509,filler,chansy,possibility,j
miscfill,B,509,filler,chansy,possibility,j
miscfill,A,510,filler,bilth,pregnancy,j
miscfill,B,510,filler,bilth,pregnancy,j
miscfill,A,511,filler,mosq,priest,j
miscfill,B,511,filler,mosq,priest,j
miscfill,A,512,filler,prinruss,prince,j
miscfill,B,512,filler,prinruss,prince,j
miscfill,A,513,filler,hoosage,prisoner,j
miscfill,B,513,filler,hoosage,prisoner,j
miscfill,A,514,filler,notat,prize,j
miscfill,B,514,filler,notat,prize,j
miscfill,A,515,filler,mavie,probably,j
miscfill,B,515,filler,mavie,probably,j
miscfill,A,516,filler,bried,product,j
miscfill,B,516,filler,bried,product,j
miscfill,A,517,filler,proteer,program,j
miscfill,B,517,filler,proteer,program,j
miscfill,A,518,filler,fortuneden,prohibit,j
miscfill,B,518,filler,fortuneden,prohibit,j
miscfill,A,519,filler,wolfantee,promise,j
miscfill,B,519,filler,wolfantee,promise,j
miscfill,A,520,filler,evidates,proof,j
miscfill,B,520,filler,evidates,proof,j
miscfill,A,521,filler,psyel,prototype,j
miscfill,B,521,filler,psyel,prototype,j
miscfill,A,522,filler,haua,quarter,j
miscfill,B,522,filler,haua,quarter,j
miscfill,A,523,filler,sprathon,race,j
miscfill,B,523,filler,sprathon,race,j
miscfill,A,524,filler,occapuletsally,rarely,j
miscfill,B,524,filler,occapuletsally,rarely,j
miscfill,A,525,filler,modae,rat,j
miscfill,B,525,filler,modae,rat,j
miscfill,A,526,filler,juti,recently,j
miscfill,B,526,filler,juti,recently,j
miscfill,A,527,filler,stot,remain,j
miscfill,B,527,filler,stot,remain,j
miscfill,A,528,filler,chopinate,remove,j
miscfill,B,528,filler,chopinate,remove,j
miscfill,A,529,filler,nire,rent,j
miscfill,B,529,filler,nire,rent,j
miscfill,A,530,filler,resiscians,resist,j
miscfill,B,530,filler,resiscians,resist,j
miscfill,A,531,filler,pib,restaurant,j
miscfill,B,531,filler,pib,restaurant,j
miscfill,A,532,filler,bobis,reward,j
miscfill,B,532,filler,bobis,reward,j
miscfill,A,533,filler,popl,rich,j
miscfill,B,533,filler,popl,rich,j
miscfill,A,534,filler,stonl,rob,j
miscfill,B,534,filler,stonl,rob,j
